{
  "ARIMA": {
    "MAE": 0.717,
    "RMSE": 0.8772,
    "MAPE": 121.95,
    "time_sec": 5.5
  },
  "XGBoost": {
    "MAE": 0.54,
    "RMSE": 0.7682,
    "MAPE": 64.33,
    "time_sec": 16.3
  },
  "LSTM": {
    "MAE": 0.6471999883651733,
    "RMSE": 0.8288999795913696,
    "MAPE": 101.0199966430664,
    "time_sec": 4.7
  },
  "Chronos (zero-shot)": {
    "MAE": 0.4825,
    "RMSE": 0.7376,
    "MAPE": 63.39,
    "time_sec": 11.3
  }
}